Mutation type,Trinucleotide,Sample1,Sample2,Sample3,Sample4,Sample5,Sample6,Sample7,Sample8,Sample9
C>A,ACA,583,55,210,80,280,280,141,78,290
C>A,ACC,282,25,94,94,76,134,192,57,131
C>A,ACG,141,11,27,8,27,30,11,11,26
C>A,ACT,355,30,143,72,107,158,84,55,185
C>A,CCA,696,56,151,94,226,249,162,80,218
C>A,CCC,373,25,100,58,78,126,102,56,125
C>A,CCG,142,8,32,14,40,42,28,13,35
C>A,CCT,528,41,106,97,156,161,190,80,211
C>A,GCA,494,70,133,60,413,274,137,112,251
C>A,GCC,240,21,92,72,94,110,153,37,110
C>A,GCG,112,9,23,13,29,36,19,10,36
C>A,GCT,289,45,81,44,211,184,78,72,150
C>A,TCA,535,72,249,88,207,376,187,273,303
C>A,TCC,448,55,178,68,130,211,138,146,238
C>A,TCG,97,4,28,13,35,47,25,31,49
C>A,TCT,693,106,299,132,342,446,200,287,408
C>G,ACA,214,13,72,19,45,127,72,42,130
C>G,ACC,104,18,58,28,39,83,42,26,83
C>G,ACG,48,5,19,9,6,36,10,9,29
C>G,ACT,196,21,128,26,53,134,75,39,259
C>G,CCA,148,10,47,20,22,110,42,33,91
C>G,CCC,131,9,41,14,14,70,31,13,87
C>G,CCG,51,10,17,8,6,45,9,9,35
C>G,CCT,181,12,95,38,50,144,66,33,192
C>G,GCA,121,6,31,14,22,79,31,17,74
C>G,GCC,89,10,37,37,21,47,53,20,50
C>G,GCG,44,1,6,2,7,18,4,3,8
C>G,GCT,107,14,58,21,32,90,54,25,113
C>G,TCA,470,53,612,98,183,1284,322,646,731
C>G,TCC,249,22,145,38,73,335,85,132,247
C>G,TCG,36,4,28,3,11,84,22,22,41
C>G,TCT,647,66,766,129,251,1599,421,800,1080
C>T,ACA,560,53,173,83,135,225,151,131,234
C>T,ACC,301,37,101,55,95,129,90,59,159
C>T,ACG,440,157,194,259,291,299,265,530,420
C>T,ACT,457,50,139,75,121,197,101,79,237
C>T,CCA,508,62,183,120,144,269,148,144,264
C>T,CCC,374,41,130,216,118,154,293,86,228
C>T,CCG,320,109,160,185,203,245,222,404,260
C>T,CCT,518,66,182,191,155,212,276,118,285
C>T,GCA,437,50,138,76,122,207,134,129,165
C>T,GCC,282,49,113,80,122,152,139,127,171
C>T,GCG,466,159,149,213,234,290,277,416,379
C>T,GCT,265,57,123,66,110,145,111,99,160
C>T,TCA,793,178,1530,243,390,1398,517,1832,732
C>T,TCC,537,106,441,165,191,441,254,457,460
C>T,TCG,269,96,285,132,170,304,222,398,286
C>T,TCT,738,127,930,245,339,810,370,1088,613
T>A,ATA,395,14,98,42,108,73,68,27,164
T>A,ATC,237,19,48,31,81,60,66,34,83
T>A,ATG,250,11,64,33,68,60,36,22,109
T>A,ATT,484,31,119,84,148,130,98,93,198
T>A,CTA,253,7,59,59,40,64,49,23,93
T>A,CTC,246,13,51,62,52,71,63,32,120
T>A,CTG,343,18,61,52,47,69,78,18,103
T>A,CTT,330,20,88,81,66,104,128,38,129
T>A,GTA,175,7,35,12,36,34,31,14,52
T>A,GTC,101,5,28,18,29,46,43,14,37
T>A,GTG,228,7,35,15,26,46,28,22,52
T>A,GTT,139,6,41,17,33,62,25,40,63
T>A,TTA,302,13,86,51,64,95,90,57,165
T>A,TTC,159,14,54,29,49,76,57,15,95
T>A,TTG,151,3,31,24,27,64,28,20,87
T>A,TTT,325,15,103,66,113,145,96,65,175
T>C,ATA,860,43,439,83,141,176,109,81,549
T>C,ATC,178,17,55,27,52,69,44,24,120
T>C,ATG,423,25,122,39,78,113,63,261,190
T>C,ATT,532,24,246,58,119,204,109,58,344
T>C,CTA,371,13,78,34,54,96,48,58,140
T>C,CTC,177,23,67,29,51,94,66,113,139
T>C,CTG,255,14,47,40,40,96,61,141,117
T>C,CTT,250,18,103,58,64,116,93,27,183
T>C,GTA,383,25,67,39,95,97,74,52,182
T>C,GTC,140,23,50,58,40,73,61,37,103
T>C,GTG,236,18,52,28,36,65,47,712,112
T>C,GTT,304,25,77,42,90,123,70,51,159
T>C,TTA,418,23,100,33,79,135,83,59,206
T>C,TTC,163,15,51,37,73,86,68,55,158
T>C,TTG,186,11,41,24,42,76,56,1126,97
T>C,TTT,386,28,91,60,114,168,83,54,202
T>G,ATA,99,11,67,14,23,51,30,22,65
T>G,ATC,41,9,20,8,15,34,28,9,32
T>G,ATG,91,10,27,16,30,74,35,12,80
T>G,ATT,120,18,71,17,38,93,59,25,96
T>G,CTA,59,4,23,9,14,44,35,14,45
T>G,CTC,53,8,30,12,10,32,17,17,39
T>G,CTG,131,9,31,20,19,60,26,23,68
T>G,CTT,147,14,103,21,40,92,65,34,89
T>G,GTA,41,2,18,11,11,31,10,9,30
T>G,GTC,21,2,11,12,13,24,26,13,18
T>G,GTG,79,13,26,13,17,55,26,91,47
T>G,GTT,78,13,37,16,24,66,41,17,66
T>G,TTA,108,10,75,15,33,78,36,14,97
T>G,TTC,62,6,27,21,30,46,26,10,62
T>G,TTG,133,6,40,18,47,98,28,19,99
T>G,TTT,231,34,142,53,69,203,113,57,168